Chinese,Nvshu
文化多样性,𛆂𛅽𛈁𛈍𛉾
春游芳草夏赏绿荷池,𛊌𛊢𛆠𛉤𛈣𛊤𛆽𛇮𛆑
秋饮黄花酒冬吟白雪诗,𛉩𛋡𛊨𛈣𛊟𛊚𛆰𛇪𛊗𛆹
危楼高百尺手可摘星辰,𛊄𛈰𛋂𛇫𛅼𛆞𛆄𛋓𛉾𛋙
不能高声语恐惊天上人,𛆳𛈷𛋂𛉂𛆱𛊩𛇆𛆤𛆈𛅳
来到清华两月多安身住在七号楼,𛇤𛇼𛊭𛇳𛅱𛇃𛈁𛊃𛈛𛇭𛇥𛅲𛉥𛈰
同住房间人四个同坐合唱好开心,𛊤𛇭𛋅𛆃𛅳𛈗𛆅𛊤𛇎𛈩𛋬𛆚𛇶𛇹
突然发生非典病人人感觉好忧愁,𛆶𛈔𛆐𛇏𛆌𛉸𛈐𛅳𛅳𛊦𛉫𛆚𛇩𛊝
每日消毒真难受头痛眼花不安然,𛉟𛇈𛈨𛋥𛆭𛈷𛉬𛇊𛋃𛋵𛈣𛆳𛊃𛈔
出去游玩不方便时刻腰牌不离身,𛈚𛇂𛊢𛆧𛆳𛆠𛇙𛆸𛊙𛆱𛉆𛆳𛊎𛈛
思想家中路途远如今回家十分难,𛊸𛊩𛉊𛈌𛋗𛆶𛋟𛇄𛆭𛇳𛉊𛅵𛆙𛈷
每日打电三两次无法接通耐不何,𛉟𛇈𛋆𛋊𛆊𛅱𛇠𛇯𛊡𛋓𛆤𛉈𛆳𛇮
左思右想心不静十二时辰挂在心,𛇍𛊸𛇁𛊩𛇹𛆳𛉽𛅵𛅱𛆸𛋙𛉌𛇥𛇹
非典越来越严重同甘共苦在北京,𛆌𛉸𛋒𛇤𛋒𛋍𛊪𛊤𛇕𛈌𛇰𛇥𛇫𛋭
预防非典可不怕生命安全身健康,𛇃𛋅𛆌𛉸𛆄𛆳𛇲𛇏𛈑𛊃𛈆𛈛𛇝𛉲
万众一心团结起坚决战胜非典病,𛈄𛊪𛆼𛇹𛊤𛊐𛆻𛉿𛊐𛊪𛋐𛆌𛉸𛈐
六月大暑最难当太阳如火水如汤,𛆜𛇃𛅻𛋱𛊶𛈷𛉰𛆎𛈿𛇄𛆕𛅸𛇄𛇔
美女跨入花园内忙忙脱衣下池塘,𛋪𛆁𛊶𛅱𛈣𛆧𛆫𛇓𛇓𛊱𛈡𛅽𛋣𛊤
衣裳挂于杨柳树轻轻打水点鸳鸯,𛆱𛈾𛋫𛆱𛈿𛇋𛋙𛊯𛊯𛋆𛅸𛉸𛊫𛊫
一来点得鸳鸯转看见森树有人藏,𛅰𛇤𛉸𛋀𛊫𛊫𛇆𛆣𛇝𛇹𛋙𛈶𛅳𛈉
美女忙忙捡衣裳捡起衣裳来穿起,𛋪𛆁𛇓𛇓𛊀𛆱𛈾𛊀𛆻𛆱𛈾𛇤𛊯𛆻
层穿层拔有层装穿了衣裳来借问,𛋳𛊯𛋳𛇣𛈶𛋳𛈉𛊯𛅹𛆱𛈾𛇤𛊈𛉟
借问哪洲哪县人家住何洲并何县,𛊈𛉟𛇾𛆝𛇾𛋟𛅳𛉊𛇭𛇮𛆝𛆦𛇮𛋟
姓甚名谁住哪方范郎答言小姐道,𛉾𛋐𛇾𛉅𛇭𛇾𛆠𛋶𛊥𛋀𛈔𛅿𛈖𛋛
小姐听我说言章家住别洲并别县,𛅿𛈖𛇜𛈻𛋶𛈔𛈌𛉊𛇭𛊎𛆝𛆦𛊎𛋟
床前明月光疑是地上霜,𛈉𛋋𛇾𛇃𛇕𛊺𛆹𛊤𛆈𛈊
举头望明月低头思故乡,𛆗𛇊𛈈𛇾𛇃𛅾𛇊𛊸𛉘𛉶
白日依山尽黄河入海流,𛇪𛇈𛆱𛇏𛉑𛊨𛊕𛇄𛉝𛇋
欲穷千里目更上一层楼,𛇄𛊝𛆉𛉄𛇀𛉘𛆈𛆼𛋳𛈰
一巡买了三朵花我娘日我不当家,𛆼𛊶𛊊𛆒𛆊𛉸𛈣𛈻𛇘𛇈𛈻𛆳𛉰𛉊
当得家来女没分女是浮萍水上花,𛉰𛋀𛉊𛇤𛆁𛆋𛆙𛆁𛆹𛊘𛇛𛅸𛆈𛈣
一绣童子哈哈笑二绣鲤鱼鲤双双,𛆼𛋜𛊤𛆑𛇮𛇮𛅿𛅱𛋜𛉄𛊢𛉄𛈊𛈊
三绣金鸡伸长尾四绣海底李三娘,𛆊𛋜𛆭𛋔𛈛𛈽𛊊𛈗𛋜𛉝𛋒𛉄𛆊𛇘
五绣五子来行孝六绣神仙吕洞宾,𛈕𛋜𛈕𛆑𛇤𛇐𛉬𛆜𛋜𛋙𛇚𛆽𛆒𛋆
七绣七仙七姐妹八绣观音坐玉莲,𛅲𛋜𛅲𛇚𛅲𛈖𛋉𛅴𛋜𛇕𛆱𛇎𛉚𛉹
九绣韩湘子吹笛十绣梅良玉爱花,𛆆𛋜𛊨𛉵𛆑𛆪𛋮𛅵𛋜𛊬𛉴𛉚𛋨𛈣
家和万事兴,𛉊𛇯𛈄𛅵𛈛
谁家今夜扁舟子何处相思明月楼,𛉅𛉊𛆭𛇩𛆦𛆝𛆑𛇮𛈫𛉵𛊸𛇾𛇃𛈰
可怜楼上月裴回应照离人妆镜台,𛆄𛇇𛈰𛆈𛇃𛉆𛇳𛊉𛉓𛊎𛅳𛈉𛇆𛅻
玉户帘中卷不去捣衣砧上扶还来,𛉚𛆖𛉹𛈌𛉉𛆳𛇂𛇼𛈡𛆭𛆈𛇮𛇐𛇤
此时相望不相闻愿逐月华流照君,𛇠𛆸𛉵𛈈𛆳𛉵𛇷𛋟𛇭𛇃𛇳𛇋𛉓𛊵
鸿雁长飞光不度鱼龙潜跃水成文,𛉢𛊂𛈽𛆌𛇕𛆳𛋥𛊢𛉴𛋳𛆼𛅸𛈒𛆂
昨夜闲潭梦落花可怜春半不还家,𛈱𛇩𛇐𛋠𛋪𛋝𛈣𛆄𛇇𛊌𛈺𛆳𛇐𛉊
江水流春去欲尽江潭落月复西斜,𛈌𛅸𛇋𛊌𛇂𛇄𛈯𛈌𛋠𛋝𛇃𛋷𛈨𛊝
斜月沉沉藏海雾碣石潇湘无限路,𛊝𛇃𛋳𛋳𛈉𛉝𛉍𛊐𛊍𛈨𛉵𛇯𛇐𛋗
不知乘月几人归落月摇情满江树,𛆳𛆍𛋙𛇃𛆺𛅳𛈘𛋝𛇃𛊺𛊭𛋪𛈌𛋙
春江潮水连海平海上明月共潮生,𛊌𛈌𛊻𛅸𛉹𛉝𛆦𛉝𛆈𛇾𛇃𛈌𛊻𛇏
滟滟随波千万里何处春江无月明,𛈏𛈏𛉅𛉖𛆉𛈄𛉄𛇮𛈫𛊌𛈌𛇯𛇃𛇾
江流宛转绕芳甸月照花林皆似霰,𛈌𛇋𛆨𛋺𛊺𛆠𛉸𛇃𛉓𛈣𛇇𛇧𛊝𛈊
空里流霜不觉飞汀上白沙看不见,𛉲𛉄𛇋𛈊𛆳𛉫𛆌𛉼𛆈𛇪𛊾𛆣𛆳𛇝
江天一色无纤尘皎皎空中孤月轮,𛈌𛆤𛆼𛇴𛇯𛆉𛊝𛆝𛆝𛉲𛈌𛋰𛇃𛉹
江岸何人初见月江月何年初照人,𛈌𛈀𛇮𛅳𛊾𛇝𛇃𛈌𛇃𛇮𛆥𛊾𛉓𛅳
人生代代无穷已江月年年望相似,𛅳𛇏𛅻𛅻𛇯𛊝𛆱𛈌𛇃𛆥𛆥𛈈𛉵𛊝
松下问童子言师采药去,𛉵𛅽𛋆𛊤𛆑𛈔𛊸𛇦𛆱𛇂
只在此山中云深不知处,𛈤𛇥𛇠𛇏𛈌𛉍𛈛𛆳𛆍𛈫
山川之美古来共谈,𛇏𛊯𛆷𛋪𛇰𛇤𛈌𛊤
高峰入云清流见底,𛋂𛆠𛇈𛉍𛊭𛇋𛇝𛋒
两岸石壁五色交辉,𛆇𛈀𛊍𛉎𛈕𛇴𛆝𛆌
青林翠竹四时俱备,𛊭𛇇𛇂𛊶𛈗𛆸𛋔𛊰
晓雾将歇猿鸟乱鸣,𛆿𛉍𛈼𛊗𛉍𛋒𛋈𛇾
夕日欲颓沉鳞竞跃,𛅿𛇈𛇄𛆶𛋳𛆳𛇆𛇩
实是欲界之仙都,𛅵𛆹𛇄𛆄𛆷𛇚𛋗
自康乐以来未复有能与其奇者,𛈤𛉲𛋧𛆱𛇤𛆨𛋷𛈶𛈷𛆱𛊻𛊻𛆆
山不在高有仙则名,𛇏𛆳𛇥𛋂𛈶𛇚𛈤𛇾
水不在深有龙则灵,𛅸𛆳𛇥𛈛𛈶𛉴𛈤𛉀
斯是陋室惟吾德馨,𛊸𛆹𛋝𛊗𛊄𛇯𛋀𛉂
苔痕上阶绿草色入帘青,𛅻𛇐𛆈𛉌𛆽𛉤𛇴𛅱𛊯𛊭
谈笑有鸿儒往来无白丁,𛊤𛅿𛈶𛉢𛆱𛉚𛇤𛇯𛇪𛉼
可以调素琴阅金经,𛆄𛆱𛉑𛉅𛊝𛇩𛆭𛉿
无丝竹之乱耳无案牍之劳形,𛇯𛊸𛊶𛆷𛋈𛅺𛇯𛈕𛋥𛆷𛈰𛊁
南阳诸葛庐西蜀子云亭,𛉺𛈿𛊵𛇵𛋗𛈨𛋱𛆑𛉍𛊭
孔子云何陋之有,𛈋𛆑𛉍𛇮𛋝𛆷𛈶
岱宗夫如何齐鲁青未了,𛅻𛈉𛆔𛇄𛇮𛉑𛋗𛊭𛆨𛅹
造化钟神秀阴阳割昏晓,𛊪𛅽𛈌𛋙𛋜𛆱𛈿𛇵𛆙𛆿
荡胸生曾云决眦入归鸟,𛉻𛉶𛇏𛋳𛉍𛊐𛆑𛇈𛈘𛋒
会当凌绝顶一览众山小,𛋶𛉰𛆨𛋔𛉼𛆼𛉻𛊪𛇏𛅿
晨起动征铎客行悲故乡,𛈒𛆻𛆒𛆭𛈁𛊙𛇐𛊰𛉘𛉶
鸡声茅店月人迹板桥霜,𛋔𛉂𛋓𛇙𛇃𛅳𛉓𛉎𛊻𛈊
槲叶落山路枳花明驿墙,𛋘𛆱𛋝𛇏𛋗𛆑𛈣𛇾𛆼𛈽
因思杜陵梦凫雁满回塘,𛆱𛊸𛋥𛉹𛋪𛇼𛊂𛋪𛇳𛊤
一曲新诗酒一杯去年天气旧亭台,𛆼𛆶𛊛𛆹𛊟𛆼𛇲𛇂𛆥𛆤𛇬𛆝𛊭𛅻
夕阳西下几时回,𛅿𛈿𛈨𛅽𛆺𛆸𛇳
无可奈何花落去似曾相识燕归来,𛇯𛆄𛉈𛇮𛈣𛋝𛇂𛊝𛋳𛉵𛊗𛊂𛈘𛇤
小园香径独徘回,𛅿𛆧𛉶𛋳𛋥𛉆𛇳
飞来山上千寻塔闻说鸡鸣见日升,𛆌𛇤𛇏𛆈𛆉𛋳𛊔𛇷𛋶𛋔𛇾𛇝𛇈𛈛
不畏浮云遮望眼自缘身在最高层,𛆳𛆨𛊘𛉍𛊵𛈈𛋵𛈤𛆧𛈛𛇥𛊶𛋂𛋳
莫笑农家腊酒浑丰年留客足鸡猪,𛋖𛅿𛉺𛉊𛋗𛊟𛆙𛆠𛆥𛇋𛊙𛇭𛋔𛆽
山重水复疑无路柳暗花明又一村,𛇏𛈯𛅸𛋷𛅺𛇯𛋗𛇋𛈕𛈣𛇾𛇁𛆼𛊌
箫鼓追随春社近衣冠简朴古风存,𛈨𛇰𛊶𛉅𛊌𛊍𛊝𛈡𛇕𛊜𛉖𛇰𛋆𛊶
从今若许闲乘月拄杖无时夜叩门,𛋳𛆭𛇁𛋱𛇐𛋙𛇃𛉙𛈼𛇯𛆸𛇩𛆣𛇷
东临碣石以观沧海,𛊚𛇇𛋓𛊍𛆱𛇕𛉱𛉝
水何澹澹山岛竦峙,𛅸𛇮𛉻𛉻𛇏𛇼𛉡𛊝
树木丛生百草丰茂,𛋙𛇀𛋳𛇏𛇫𛉤𛆠𛊨
秋风萧瑟洪波涌起,𛉩𛋆𛈨𛇴𛉢𛉖𛈍𛆻
日月之行若出其中,𛇈𛇃𛆷𛇐𛇁𛈚𛊻𛈌
星汉灿烂若出其里,𛉾𛊧𛉱𛋈𛇁𛈚𛆦𛊻
幸甚至哉歌以咏志,𛊮𛋐𛊝𛊳𛋰𛆱𛋟𛊝
结庐在人境而无车马喧,𛊐𛋗𛇥𛅳𛇝𛇈𛇯𛊌𛇀𛋘
问君何能尔心远地自偏,𛋆𛊵𛇮𛈷𛇈𛇹𛋟𛊤𛈤𛇙
采菊东篱下忧然见南山,𛇦𛊐𛊚𛊎𛅽𛋍𛋋𛇝𛉺𛇏
山气日夕佳飞鸟相与还,𛇏𛇬𛇈𛋮𛉊𛆌𛋒𛉵𛆱𛇐
此中有真意欲辨已忘言,𛇠𛈌𛈶𛆭𛆱𛇄𛆦𛆱𛈈𛈔
日照香炉生紫烟遥看瀑布挂前川,𛇈𛉓𛉶𛋗𛇏𛆑𛊫𛊺𛆣𛉖𛉖𛉌𛋋𛊯
飞流直下三千尺疑是银河落九天,𛆌𛇋𛋔𛅽𛆊𛆉𛅼𛅺𛆹𛆰𛊕𛋝𛆆𛆤
君问归期未有期巴山夜雨涨秋池,𛊵𛉟𛈘𛊻𛆨𛈶𛊻𛊰𛇏𛇩𛇯𛈌𛉩𛋣
何当共剪西窗烛却话巴山夜雨时,𛇮𛉰𛈌𛊜𛈨𛉱𛅼𛅼𛋶𛊰𛇏𛇩𛇯𛆸
相见时难别亦难东风无力百花残,𛉵𛇝𛆸𛈷𛊎𛇁𛈷𛊚𛋆𛇯𛅹𛇫𛈣𛉒
春蚕到死丝方尽蜡炬成灰泪始干,𛊌𛋳𛇼𛊅𛊸𛆠𛈯𛉑𛊐𛈒𛆌𛇟𛇴𛇕
晓镜但愁云鬓改夜吟应觉月光寒,𛆿𛇆𛉻𛊝𛉍𛇇𛊿𛇩𛆰𛊉𛉫𛇃𛇕𛊨
蓬山此去无多路青鸟殷勤为探看,𛊘𛇏𛇠𛇂𛇯𛈁𛋗𛊭𛋒𛆱𛊝𛊄𛋃𛆣
无言独上西楼月如钩,𛇯𛈔𛋥𛆈𛈨𛈰𛇃𛇄𛋂
寂寞梧桐深院锁清秋,𛋔𛇀𛇯𛆒𛈛𛈇𛈂𛊭𛉩
剪不断理还乱是离愁,𛊜𛆳𛋇𛉄𛇐𛋈𛆹𛊎𛊝
别是一般滋味在心头,𛊎𛆹𛆼𛈺𛈤𛆨𛇥𛇹𛇊
红豆生南国春来发几枝,𛉢𛋛𛇏𛉺𛈅𛊌𛇤𛆐𛆺𛈤
愿君多采撷此物最相思,𛋟𛊵𛈁𛇦𛊐𛇠𛇵𛊶𛉵𛊸
春眠不觉晓处处闻啼鸟,𛊌𛊬𛆳𛉫𛆿𛈫𛈫𛇷𛊹𛋒
夜来风雨声花落知多少,𛇩𛇤𛋆𛇯𛉂𛈣𛋝𛆍𛈁𛆿
白日不到处青春恰自来,𛇪𛇈𛆳𛇼𛈫𛊭𛊌𛆞𛈤𛇤
苔花如米小也学牡丹开,𛅻𛈣𛇄𛉟𛅿𛇁𛉬𛇀𛈁𛇶
敕勒川阴山下,𛆣𛋀𛊯𛆱𛇏𛅽
天似穹庐笼盖四野,𛆤𛊝𛊝𛋗𛇧𛇧𛈗𛇩
天苍苍野茫茫风吹草低见牛羊,𛆤𛉱𛉱𛇩𛇓𛇓𛋆𛆪𛉤𛅾𛇝𛊞𛈿
江南好风景旧曾谙,𛈌𛉺𛆚𛆠𛇆𛆝𛋳𛈕
日出江花红胜火春来江水绿如蓝,𛇈𛈚𛈌𛈣𛉢𛋐𛆕𛊌𛇤𛈌𛅸𛆽𛇄𛋂
能不忆江南,𛈷𛆳𛆱𛈌𛉺
胜日寻芳泗水滨无边光景一时新,𛋐𛇈𛊶𛆠𛈨𛅸𛋆𛇯𛇙𛇕𛇆𛆼𛆸𛊛
等闲识得东风面万紫千红总是春,𛉠𛇐𛊗𛋀𛊚𛋆𛋉𛈄𛆑𛆉𛉢𛉋𛆹𛊌
秦时明月汉时关万里长征人未还,𛉒𛆸𛇾𛇃𛊧𛆸𛇕𛈄𛉄𛈽𛆭𛅳𛆨𛇐
但使龙城飞将在不教胡马度阴山,𛉻𛇴𛉴𛈒𛆌𛈼𛇥𛆳𛆝𛋘𛇀𛋥𛆱𛇏
横看成岭侧成峰远近高低各不同,𛊄𛆣𛈒𛉼𛆹𛈒𛆠𛋟𛊝𛋂𛅾𛉦𛆳𛊤
不识庐山真面目只缘身在此山中,𛆳𛊗𛋗𛇏𛆭𛋉𛇀𛈤𛆧𛈛𛇥𛇠𛇏𛈌
我家洗砚池头树朵朵花开淡墨痕,𛈻𛉊𛅿𛈏𛋣𛇊𛋙𛉸𛉸𛈣𛇶𛋠𛋉𛇐
不要人夸好颜色只留清气满乾坤,𛆳𛅺𛅳𛆣𛆚𛈕𛇴𛈤𛇋𛊭𛇬𛋪𛈆𛉋
滚滚长江东逝水浪花淘尽英雄,𛈅𛈅𛈽𛈌𛊚𛆓𛅸𛋈𛈣𛇊𛈯𛊣𛈾
是非成败转头空,𛆹𛆌𛈒𛇣𛇆𛇊𛉲
青山依旧在几度夕阳红,𛊭𛇏𛆱𛆝𛇥𛆺𛋥𛅿𛈿𛉢
白发渔樵江渚上惯看秋月春风,𛇪𛆐𛊢𛇭𛈌𛉙𛆈𛇕𛆣𛉩𛇃𛊌𛋆
一壶浊酒喜相逢,𛆼𛋘𛈱𛆆𛆻𛉵𛊘
古今多少事都付笑谈中,𛇰𛆭𛈁𛆿𛅵𛋗𛆖𛅿𛊤𛈌
枯藤老树昏鸦小桥流水人家古道西风瘦马,𛇰𛆒𛇽𛋙𛆙𛆼𛅿𛊻𛇋𛅸𛅳𛉊𛇰𛋛𛈨𛋆𛈗𛇀
夕阳西下断肠人在天涯,𛅿𛈿𛈨𛅽𛋇𛊻𛅳𛇥𛆤𛊢
大江东去浪淘尽千古风流人物,𛅻𛈌𛊚𛇂𛋈𛇊𛈯𛆉𛇰𛆠𛇋𛅳𛇵
故垒西边人道是三国周郎赤壁,𛉘𛆇𛈨𛇙𛅳𛋛𛆹𛆊𛈅𛆝𛊥𛇎𛉎
乱石穿空惊涛拍岸卷起千堆雪,𛋈𛊍𛊯𛉲𛋭𛉤𛇲𛈀𛉉𛆻𛆉𛆬𛊗
江山如画一时多少豪杰,𛈌𛇏𛇄𛋶𛆼𛆸𛈁𛆿𛇮𛋓
遥想公瑾当年小乔初嫁了雄姿英发,𛉖𛊩𛇕𛇝𛉰𛆥𛅿𛊻𛊾𛉌𛅹𛈾𛈤𛊣𛆐
羽扇纶巾谈笑间樯橹灰飞烟灭,𛅷𛋌𛇕𛆭𛊤𛅿𛆃𛈽𛆽𛆌𛆌𛊫𛋆
故国神游多情应笑我早生华发,𛉘𛈅𛋙𛊢𛈁𛊭𛊉𛅿𛈻𛈖𛇏𛇳𛆐
人生如梦一尊还酹江月,𛅳𛇏𛇄𛋪𛆼𛊵𛇐𛇟𛈌𛇃
冷冷清清凄凄惨惨,𛉼𛉼𛊭𛊭𛋴𛋴𛉒𛉒
乍暖还寒时候最难将息,𛉑𛈾𛇐𛊨𛆸𛋄𛊶𛈷𛈼𛅿
三杯两盏淡酒怎敌他晚来风急,𛆊𛇲𛅱𛈖𛋠𛊟𛋩𛋮𛆶𛈈𛇤𛋆𛊐
雁过也正伤心却是旧时相识,𛊂𛉘𛇁𛇆𛉶𛇹𛅼𛆹𛆝𛆸𛉵𛊗
满地黄花堆积憔悴损如今有谁堪摘,𛋪𛊤𛊨𛈣𛆬𛊈𛆞𛇂𛉝𛇄𛆭𛈶𛉅𛉲𛋓
守着窗儿独自怎生得黑,𛆞𛊖𛉱𛇈𛋥𛈤𛋩𛇏𛋀𛋚
梧桐更兼细雨到黄昏点点滴滴,𛇯𛆒𛋫𛉿𛅿𛅷𛇼𛊨𛆙𛉸𛉸𛆒𛆒
这次怎一个愁字了得,𛋔𛇠𛋩𛅰𛆅𛊝𛈤𛅹𛋀
行路难行路难多歧路今安在,𛇐𛋗𛈷𛇐𛋗𛈷𛈁𛆦𛋗𛆭𛊃𛇥
长风破浪会有时直挂云帆济沧海,𛈽𛋆𛉖𛋈𛋶𛈶𛆸𛋔𛋫𛉍𛊘𛉒𛉱𛉝
海内存知己天涯若比邻,𛉝𛅺𛊶𛆍𛆺𛆤𛊢𛇁𛉎𛇇
问渠那得清如许为有源头活水来,𛉟𛇂𛇾𛋀𛊭𛇄𛋱𛊄𛈶𛆧𛇊𛋶𛅸𛇤
天生我材必有用千金散尽还复来,𛆤𛇏𛈻𛆏𛉎𛈶𛈍𛆉𛆭𛈗𛈯𛇐𛋷𛇤
丈夫志四海万里犹比邻,𛊪𛆔𛊝𛈗𛉝𛈄𛉄𛊢𛉎𛇇
大漠孤烟直长河落日圆,𛅻漠𛋰𛊫𛋔𛈽𛊕𛋝𛇈𛆧
明日复明日明日何其多,𛇾𛇈𛋷𛇾𛇈𛇾𛇈𛇮𛊻𛈁
我生待明日万事成失足,𛈻𛇏𛅻𛇾𛇈𛈄𛅵𛈒𛊼𛇭
人生自古谁无死留取丹心照汗青,𛅳𛇏𛈤𛇰𛉅𛇯𛊅𛇋𛉛𛈁𛇹𛉓𛊧𛊭
长风破浪会有时直挂云帆济沧海,𛈽𛋆𛉖𛋈𛋶𛈶𛆸𛋔𛉌𛉍𛊘𛉒𛉱𛉝
博观而约取厚积而薄发,𛉖𛇕𛇈𛆴𛉛𛊪𛊈𛇈𛉖𛆐
老骥伏枥志在千里,𛇽𛉓𛈩𛅹𛊝𛇥𛆉𛉄
烈士暮年壮心不已,𛈥𛆹𛇀𛆥𛈉𛇺𛆳𛆱
狮子眼鼓鼓摩菜子煮豆腐,𛊸𛆑𛋵𛇰𛇰𛋪𛈠𛆑𛆗𛋛𛆖
酒放热些烧肉放烂些煮,𛊟𛈺𛈥𛇠𛊼𛈵𛈺𛋈𛇠𛆗
远上寒山石径斜白云生处有人家,𛋟𛆈𛊨𛇏𛊍𛋳𛊝𛇪𛉍𛇏𛈫𛈶𛅳𛉊
停车坐爱枫林晚霜叶红于二月花,𛊭𛊌𛇎𛋨𛋆𛇇𛆨𛈊𛆱𛉢𛆱𛅱𛇃𛈣
独怜幽草涧边生上有黄鹂深树鸣,𛋥𛇇𛇁𛉤𛋆𛇙𛇏𛆈𛈶𛊨𛅹𛈛𛋙𛇾
春潮带雨晚来急野渡无人舟自横,𛊌𛊻𛆒𛇯𛆨𛇤𛊐𛇩𛋥𛇯𛅳𛆝𛈤𛊄
春花秋月何时了,𛊌𛈣𛉩𛇃𛇮𛆸𛅹
往事知多少,𛉚𛅵𛆍𛈁𛆿
小楼昨夜又东风故国不堪回首月明中,𛅿𛈰𛈱𛇩𛇁𛊚𛋆𛉘𛈅𛆳𛉲𛇳𛆞𛇃𛇾𛈌
雕栏玉砌应犹在只是朱颜改,𛅾𛋂𛉚𛆻𛊉𛊢𛇥𛆑𛆹𛉙𛈕𛊿
问君能有几多愁,𛉟𛊵𛈷𛈶𛆺𛈁𛊝
恰似一江春水向东流,𛆞𛊝𛆼𛈌𛊌𛅸𛆈𛊚𛇋
天门中断楚江开碧水东流至此回,𛆤𛇷𛈌𛋇𛉤𛈌𛇶𛆽𛅸𛊚𛇋𛊝𛇠𛇳
两岸青山相对出孤帆一片日边来,𛆇𛈀𛊭𛇏𛉵𛆬𛈚𛋰𛊘𛆼𛇙𛇈𛇙𛇤
京口瓜洲一水间钟山只隔数重山,𛋭𛇉𛉊𛆝𛆼𛅸𛆃𛈌𛇏𛆑𛈅𛉅𛈯𛇏
春风又绿江南岸明月何时照我还,𛊌𛋆𛇁𛆽𛈌𛉺𛈀𛇾𛇃𛇮𛆸𛉓𛈻𛇐
千山鸟飞绝万径人踪灭,𛆉𛇏𛋒𛆌𛋔𛈄𛊝𛅳𛈌𛋆
孤舟蓑笠翁独钓寒江雪,𛋰𛆝𛊾𛇟𛇕𛋥𛅹𛊨𛈌𛊗
国破山河在城春草木深,𛈅𛉖𛇏𛊕𛇥𛈒𛊌𛉤𛇀𛈛
感时花溅泪恨别鸟惊心,𛊦𛆸𛈣𛇝𛇟𛊲𛊎𛋒𛋭𛇹
烽火连三月家书抵万金,𛈮𛆕𛉹𛆊𛇃𛉊𛈬𛋒𛈄𛆭
白头搔更短浑欲不胜簪,𛇪𛇊𛊜𛋫𛋇𛆙𛇄𛆳𛋐𛉾
沉舟侧畔千帆过病树前头万木春,𛋳𛆝𛆹𛈀𛆉𛊘𛉘𛈐𛋙𛋋𛇊𛈄𛇀𛊌
今日听君歌一曲暂凭杯酒长精神,𛆭𛇈𛇜𛊵𛋰𛆼𛆶𛇆𛋆𛇲𛊟𛇗𛋭𛋙
好雨知时节当春乃发生,𛆚𛇯𛆍𛆸𛋓𛉰𛊌𛆍𛆐𛇏
随风潜入夜润物细无声,𛉅𛋆𛋳𛇄𛇩𛇁𛇵𛅿𛇯𛉂
野径云俱黑江船火独明,𛇩𛊝𛉍𛋔𛋚𛈌𛈒𛆕𛋥𛇾
晓看红湿处花重锦官城,𛆿𛆣𛉢𛊗𛈫𛈣𛊪𛆻𛇕𛈒
朝辞白帝彩云间千里江陵一日还,𛅾𛋳𛇪𛅹𛉝𛉍𛆃𛆉𛉄𛈌𛉹𛅰𛇈𛇐
两岸猿声啼不住轻舟已过万重山,𛆇𛈀𛉍𛉂𛊹𛆳𛇭𛊯𛆝𛆱𛉘𛈄𛊪𛇏
丙辰中秋欢饮达旦,𛇛𛋙𛈌𛉩𛊧𛋡𛋥𛉄
大醉作此篇兼怀子由,𛅻𛆍𛈱𛇠𛈐𛉿𛈝𛆑𛊢
明月几时有把酒问青天,𛇾𛇃𛆺𛆸𛈶𛉎𛊟𛉟𛊭𛆤
不知天上宫阙今夕是何年,𛆳𛆍𛆤𛆈𛈌𛉛𛆭𛅿𛆹𛇮𛆥
我欲乘风归去又恐琼楼玉宇高处不胜寒,𛈻𛇄𛋙𛋆𛈘𛇂𛇁𛊩𛊝𛈰𛉚𛅷𛋂𛈫𛆳𛋐𛊨
起舞弄清影何似在人间,𛆻𛅷𛊚𛊭𛈇𛇮𛊝𛇥𛅳𛆃
转朱阁低绮户照无眠,𛋺𛉙𛉦𛆒𛆱𛆖𛉓𛇯𛊬
不应有恨何事长向别时圆,𛆳𛆱𛈶𛊲𛇮𛆹𛈽𛆈𛊎𛆸𛆧
人有悲欢离合月有阴晴圆缺此事古难全,𛅳𛈶𛊰𛊧𛊎𛈩𛇃𛈶𛆱𛊭𛆧𛉛𛇠𛆹𛇰𛈷𛈆
但愿人长久千里共婵娟,𛉻𛋟𛅳𛈽𛆆𛆉𛉄𛈌𛊥𛊵
蒹葭苍苍白露为霜,𛉿𛉊𛉱𛉱𛇪𛋗𛊄𛈊
所谓伊人在水一方,𛈂𛆨𛆱𛅳𛇥𛅸𛆼𛆠
溯洄从之道阻且长,𛈂𛇳𛋳𛆷𛋛𛊽𛊴𛈽
溯游从之宛在水中央,𛈂𛊢𛋳𛆷𛆨𛇥𛅸𛈌𛈍
关关雎鸠在河之洲,𛈘𛈘𛊐𛇲𛇥𛊕𛆷𛆝
窈窕淑女君子好逑,𛊺𛉑𛊼𛆁𛊵𛆑𛇉𛆝
参差荇菜左右流之,𛉾𛊾𛊁𛈠𛇍𛇁𛇋𛆷
窈窕淑女寤寐求之,𛊺𛉑𛊼𛆁𛈕𛋉𛆝𛆷
蒹葭萋萋白露未晞,𛉿𛉊𛉱𛉱𛇪𛋗𛆨𛈊
所谓伊人在水之湄,𛈂𛆨𛆱𛅳𛇥𛅸𛆷𛆠
溯洄从之道阻且跻,𛈂𛇳𛈽𛈤𛋛𛊽𛇠𛈽
溯游从之宛在水中坻,𛈂𛊢𛈽𛈤𛈄𛇥𛅸𛈌𛈍
蒹葭采采白露未已,𛉿𛉊𛇦𛇦𛇪𛋗𛆨𛆱
所谓伊人在水之涘,𛈂𛆨𛆱𛅳𛇥𛅸𛈤𛊿
溯洄从之道阻且右,𛈂𛇳𛈽𛈤𛋛𛊽𛇠𛇁
溯游从之宛在水中沚,𛈂𛊢𛈽𛈤𛈄𛇥𛅸𛈌𛆑
求之不得寤寐思服,𛆝𛈤𛆳𛋀𛉍𛋉𛊸𛆖
悠哉悠哉辗转反侧,𛇁𛊳𛇁𛊳𛇆𛋺𛇑𛆹
参差荇菜左右采之,𛉾𛈟𛊁𛈠𛇍𛇁𛇦𛈤
窈窕淑女琴瑟友之,𛊺𛉑𛊼𛆁𛊝𛈯𛈶𛈤
参差荇菜左右芼之,𛉾𛈟𛊁𛈠𛇍𛇁𛇷𛈤
窈窕淑女钟鼓乐之,𛊺𛉑𛊼𛆁𛈌𛇰𛋧𛈤
富贵不能淫贫贱不能移,𛆖𛋫𛆳𛈷𛆰𛊘𛋋𛆳𛈷𛊺
威武不能屈此之谓大丈夫,𛆨𛇯𛆳𛈷𛆩𛇠𛆷𛆨𛅻𛊪𛆔
安得广厦千万间大庇天下寒士俱欢颜,𛊃𛋀𛊦𛋶𛆉𛈄𛆃𛅻𛇞𛆤𛅽𛊨𛆹𛋔𛊧𛈕
风雨不动安如山,𛋆𛇯𛆳𛆒𛊃𛇄𛇏
故天将降大任于是人也必先苦其心志,𛉘𛆤𛈼𛈼𛅻𛊉𛆱𛆹𛅳𛇁𛉎𛇚𛇰𛊻𛇹𛊝
劳其筋骨饿其体肤,𛈰𛊻𛆭𛆐𛊃𛊻𛋒𛆔
空乏其身行拂乱其所为,𛉲𛆐𛊻𛈛𛇐𛇮𛋈𛊻𛈂𛊄
所以动心忍性曾益其所不能,𛈂𛆱𛆒𛇹𛅺𛉾𛋳𛇩𛊻𛈂𛆳𛈷
虽有嘉肴弗食不知其旨也,𛉅𛈶𛈅𛊺𛆖𛊼𛆳𛆍𛊻𛆑𛇁
虽有至道弗学不知其善也,𛉅𛈶𛊝𛋛𛆖𛉬𛆳𛆍𛊻𛋌𛇁
是故学然后知不足教然后知困,𛆹𛉘𛉬𛈔𛇌𛆍𛆳𛇭𛆝𛈔𛇌𛆍𛋫
知不足然后能自反也,𛆍𛆳𛇭𛈔𛇌𛈷𛈤𛇑𛇁
知困然后能自强也,𛆍𛋫𛈔𛇌𛈷𛈤𛊻𛇁
故日教学相长也,𛉘𛇈𛆝𛉬𛉵𛇗𛇁
风声雨声读书声声声入耳,𛋆𛉂𛇯𛉂𛋥𛈬𛉂𛉂𛉂𛅱𛅺
国事家事天下事事事关心,𛈅𛅵𛉊𛅵𛆤𛅽𛅵𛅵𛅵𛇕𛇹
事能知足心常乐,𛅵𛈷𛆍𛇭𛇺𛈾𛋧
人到无求品自高,𛅳𛇼𛇯𛆝𛉞𛈤𛋂
不飞则己一飞冲天,𛆳𛆌𛈤𛆺𛆼𛆌𛉣𛆤
不鸣则己一鸣惊人,𛆳𛇾𛈤𛆺𛆼𛇾𛋭𛅳
博学之审问之慎思之,𛉖𛉬𛈤𛈛𛋆𛈤𛉍𛊸𛈤
明辨之笃行之,𛇾𛆦𛈤𛅼𛇐𛈤
宝剑锋从磨砺出,𛉎𛇝𛆠𛋳𛇀𛇟𛈚
梅花香白苦寒来,𛊬𛈣𛉶𛇪𛇰𛊨𛇤
非淡泊无以明志,𛆌𛋠𛉖𛇯𛆱𛇾𛊝
非宁静无以致远,𛆌𛉀𛉽𛇯𛆱𛊝𛋟
路曼曼其修远兮,𛋗𛉟𛉟𛊻𛉪𛋟𛆩
吾将上下而求索,𛇯𛈼𛆈𛅽𛇈𛆝𛈂
执子之手与子偕老,𛊐𛆑𛆷𛆞𛆱𛆑𛈩𛇽
少年易老学难成,𛆿𛆥𛆱𛇼𛉬𛈷𛈒
一寸光阴不可轻,𛆼𛆄𛇕𛆱𛆳𛆄𛊯
投我以木桃报之以琼瑶,𛇊𛈻𛆱𛇀𛊤𛇣𛆷𛆱𛊝𛊺
高山仰止景行行止,𛋂𛇏𛉯𛅹𛇆𛇐𛇐𛅹
万事如意一帆风顺,𛈄𛅵𛇄𛆱𛆼𛊘𛋆𛊍
琴瑟在御莫不静好,𛊝𛈯𛇥𛇄𛋖𛆳𛉽𛇉
伯牙善鼓琴钟子期善听,𛇫𛊢𛋌𛇰𛊝𛈌𛆑𛊻𛋌𛇜
伯牙鼓琴志在高山,𛇫𛊢𛇰𛊝𛊝𛇥𛋂𛇏
钟子期曰善哉峨峨兮若泰山,𛈌𛆑𛊻𛆴𛋌𛇝𛊢𛊢𛊼𛇁𛆎𛇏
志在流水善哉洋洋兮若江河,𛊝𛇥𛇋𛅸𛋌𛇝𛈿𛈿𛊼𛇁𛈌𛊕
水陆草木之花可爱者甚蕃,𛅸𛋗𛉤𛇀𛈤𛈣𛆄𛋨𛈖𛋐𛆠
晋陶渊明独爱菊,𛈁𛊤𛋟𛇾𛋥𛋨𛊐
自李唐来世人甚爱牡丹,𛈤𛉄𛊤𛇤𛆓𛅳𛋐𛋨𛇀𛈁
予独爱莲之出淤泥而不染,𛇄𛋥𛋨𛉹𛈤𛈚𛆱𛈥𛇈𛆳𛆱
濯清涟而不妖,𛆃𛊭𛉹𛇈𛆳𛆱
中通外直不蔓不枝,𛈌𛉭𛇒𛋔𛆳𛈚𛆳𛈤
香远益清亭亭净植,𛉶𛋟𛇩𛊭𛊭𛊭𛉽𛉓
可远观而不可亵玩焉,𛆄𛋟𛇕𛇈𛆳𛆄𛊗𛉝𛊂
予谓菊花之隐逸者也,𛇄𛆨𛊐𛈣𛈤𛋡𛋤𛈖𛇁
牡丹花之富贵者也,𛇀𛈁𛈣𛈤𛆖𛋫𛈖𛇁
莲花之君子者也,𛉹𛈣𛈤𛊵𛆑𛈖𛇁
噫菊之爱陶后鲜有闻,𛆱𛊐𛈤𛋨𛊤𛇌𛇚𛈶𛇷
莲之爱同予者何人,𛉹𛈤𛋨𛊤𛇄𛈖𛇮𛅳
牡丹之爱宜乎众矣,𛇀𛈁𛈤𛋨𛅺𛇰𛊪𛆼
君子以文会友,𛊵𛆑𛆱𛆂𛋶𛈶
学而不思则罔思而不学则殆,𛉬𛇈𛆳𛊸𛈤𛋪𛊸𛇈𛆳𛉬𛈤𛅻
鱼我所欲也熊掌亦我所欲也,𛊢𛈻𛈂𛇁𛇁𛈾𛇗𛇁𛈻𛈂𛇁𛇁
二者不可得兼舍鱼而取熊掌者也,𛅱𛈖𛆳𛆄𛋀𛉿𛉝𛊢𛇈𛉛𛈾𛇗𛈖𛇁
生亦我所欲也义亦我所欲也,𛇏𛇁𛈻𛈂𛇁𛇁𛅺𛇁𛈻𛈂𛇁𛇁
二者不可得兼舍生而取义者也,𛅱𛈖𛆳𛆄𛋀𛉿𛉝𛇏𛇈𛉛𛅺𛈖𛇁
有朋自远方来不亦乐乎,𛈶𛊘𛈤𛋟𛆠𛇤𛆳𛇁𛋧𛇰
君子成人之美,𛊵𛆑𛈒𛅳𛆷𛋪
温故知新知者乐水,𛆙𛇰𛆍𛊛𛇟𛈖𛋧𛅸
仁者乐山知者动,𛅳𛈖𛋧𛇏𛇟𛈖𛆒
仁者静知者乐仁者寿,𛅳𛈖𛉽𛇟𛈖𛋧𛅳𛈖𛉬
敏而好学不耻下问,𛋉𛇈𛆚𛉬𛆳𛆸𛅽𛋆
见贤思齐见不贤而内自省也,𛇝𛊁𛊸𛉑𛇝𛆳𛊁𛇈𛆫𛈤𛊜𛇁
士不可以不弘毅任重而道远,𛆹𛆳𛆄𛆱𛆳𛉢𛅺𛊉𛊻𛇈𛋛𛋟
博学于文约之以礼,𛉖𛉬𛆱𛆂𛆴𛆷𛆱𛅹
不积跬步无以至千里,𛆳𛊈𛊵𛉖𛇯𛆱𛊝𛆉𛉄
不积小流无以成江海,𛆳𛊈𛅿𛇋𛇯𛆱𛈒𛈌𛉝
岁寒然后知松柏之后凋也,𛊮𛊨𛋋𛇌𛆍𛉵𛇫𛆷𛇌𛆍𛇁
千里之行始于足下,𛆉𛉄𛆷𛇐𛇴𛆱𛇭𛅽
无冥冥之志者无昭昭之明,𛇯𛇾𛇾𛆷𛊝𛈖𛇯𛋔𛋔𛆷𛇾
无惛惛之事者无赫赫之功,𛇯𛆙𛆙𛆷𛅵𛈖𛇯𛆙𛆙𛆷𛇕
精诚所至金石为开,𛉽𛈒𛈂𛊝𛆭𛊍𛊄𛇶
道可道非常道,𛋛𛆄𛋛𛆌𛈾𛋛
名可名非常名,𛇾𛆄𛇾𛆌𛈾𛇾
知人者智自知者明,𛆍𛅳𛈖𛊝𛈤𛆍𛈖𛇾
言必信行必果,𛈔𛉎𛉡𛇐𛉎𛇰
学⽽时习之不亦说乎,𛉬𛇈𛆸𛆓𛆷𛆳𛇁𛋶𛇰
有朋自远方来不亦乐乎,𛈶𛊘𛈤𛋟𛆠𛇤𛆳𛇁𛋧𛇰
人不知而不愠不亦君子乎,𛅳𛆳𛆍𛇈𛆳𛇩𛆳𛇁𛊵𛆑𛇰
吾日三省吾身,𛇯𛇈𛆊𛊜𛇯𛈛
为人谋而不忠乎,𛊄𛅳𛉟𛇈𛆳𛈌𛇰
与朋友交而不信乎,𛇄𛊘𛈶𛆝𛇈𛆳𛉡𛇰
上善若水,𛆈𛋌𛇁𛅸
钟山风雨起苍黄,𛈌𛇏𛋆𛇯𛆻𛉱𛊨
百万雄师过大江,𛇫𛈄𛈾𛊸𛉘𛅻𛈌
虎踞龙盘今胜昔,𛇰𛆻𛉴𛋅𛆭𛋐𛊈
天翻地覆慨而慷,𛆤𛆠𛊤𛋷𛊙𛇈𛉲
宜将剩勇追穷寇,𛅺𛈼𛋐𛈈𛊋𛊝𛆄
不可沽名学霸王,𛆳𛆄𛇰𛇾𛉬𛇲𛆧
传天若有情天亦老,𛈆𛆤𛇁𛈶𛊭𛆤𛇁𛇼
人间正道是沧桑,𛅳𛆃𛇆𛋛𛆹𛇴𛈊
山快马加鞭未下鞍,𛇏𛇨𛇀𛉊𛇙𛆨𛅽𛊃
惊回首离天三尺三,𛇆𛇳𛆞𛊎𛆤𛆊𛅼𛆊
山倒海翻江卷巨澜,𛇏𛇼𛉝𛆌𛈌𛉉𛇭𛊎
奔腾急万马战犹酣,𛋆𛆒𛊐𛈄𛇀𛊪𛊢𛈪
山刺破青天锷未残,𛇏𛇠𛉖𛊭𛆤𛈌𛆨𛉒
天欲堕赖以拄其间,𛆤𛇁𛅻𛉘𛆱𛇭𛊻𛆃
挥手从兹去,𛆌𛆞𛋳𛈤𛇂
更那堪凄然相向,𛋫𛇾𛉲𛋴𛈔𛉵𛆈
苦情重诉,𛇰𛊭𛊻𛉅
眼角眉梢都似恨,𛋵𛉫𛇓𛈨𛋗𛊝𛊲
热泪欲零还住,𛈥𛇟𛇁𛉀𛇐𛇭
知误会前番书语,𛆍𛊃𛋶𛋋𛆠𛈬𛅺
过眼滔滔云共雾,𛉘𛋵𛋃𛋃𛉍𛈌𛉍
算人间知己吾和汝,𛆢𛅳𛆃𛆍𛆺𛇯𛇯𛋆
记得当年草上飞,𛉓𛋀𛉰𛆥𛉤𛆈𛆌
红军队里每相违,𛉢𛊵𛆬𛉄𛉟𛉵𛊄
长征不是难堪日,𛈽𛆭𛆳𛆹𛈷𛉲𛇈
战锦方为大问题,𛊪𛆻𛆠𛊄𛅻𛋆𛊹
斥鷃每闻欺大鸟,𛆸𛊂𛉟𛇷𛊼𛅻𛋒
昆鸡长笑老鹰非,𛋙𛋔𛈽𛅿𛇼𛈡𛆌
君今不幸离人世,𛊵𛆭𛆳𛇐𛊎𛅳𛆓
国有疑难可问谁,𛈅𛈶𛅺𛈷𛆄𛋆𛉅
我失骄杨君失柳,𛈻𛊼𛆝𛈿𛊵𛊼𛇋
杨柳轻飏直上重霄九,𛈿𛇋𛊯𛈿𛋔𛆈𛊪𛇮𛆆
问讯吴刚何所有,𛋆𛉡𛊢𛇕𛇮𛈂𛈶
吴刚捧出桂花酒,𛊢𛇕𛊘𛈚𛋫𛈣𛆆
寂寞嫦娥舒广袖,𛋔𛇀𛈾𛊢𛈬𛊦𛉋
万里长空且为忠魂舞,𛈄𛉄𛈽𛉲𛇠𛊄𛈌𛆙𛇯
忽报人间曾伏虎,𛋷𛇣𛅳𛆃𛋳𛆖𛇰
泪飞顿作倾盆雨,𛇟𛆌𛆬𛈱𛊯𛊘𛇯
红军不怕远征难,𛉢𛊵𛆳𛇲𛋟𛆭𛈷
万水千山只等闲,𛈄𛅸𛆉𛇏𛈤𛉠𛇐
五岭逶迤腾细浪,𛈕𛉼𛆭𛊺𛆒𛅿𛋈
乌蒙磅礴走泥丸,𛉍𛇓𛋅𛉖𛈖𛈥𛆨
金沙水拍云崖暖,𛆭𛊾𛅸𛇲𛉍𛊢𛈾
大渡桥横铁索寒,𛅻𛋥𛊻𛊄𛉐𛈂𛊨
更喜岷山千里雪,𛋫𛆻𛉋𛇏𛆉𛉄𛊗
三军过后尽开颜,𛆊𛊵𛉘𛇌𛈯𛇶𛈕
九嶷山上白云飞,𛆆𛅺𛇏𛆈𛇪𛉍𛆌
帝子乘风下翠微,𛅹𛆑𛋙𛋆𛅽𛇂𛊄
斑竹一枝千滴泪,𛊰𛊶𛆼𛈤𛆉𛆒𛇟
红霞万朵百重衣,𛉢𛉡𛈄𛉸𛇫𛊻𛈡
洞庭波涌连天雪,𛆒𛊭𛉖𛈍𛉹𛆤𛊗
长岛人歌动地诗,𛈽𛇼𛅳𛋸𛆒𛊤𛊸
我欲因之梦寥廓,𛈻𛇁𛆱𛆷𛋪𛅾𛋸
芙蓉国里尽朝晖,𛇮𛈿𛈅𛉄𛈯𛅾𛆌
人生易老天难老,𛅳𛇏𛆱𛇼𛆤𛈷𛇼
岁岁重阳今又重阳,𛊮𛊮𛊻𛈿𛆭𛇁𛊻𛈿
战地黄花分外香,𛊪𛊤𛊨𛈣𛆙𛇒𛉶
一年一度秋风劲,𛆼𛆥𛆼𛋥𛉩𛋆𛇝
不似春光胜似春光,𛆳𛊝𛊌𛇕𛋐𛊝𛊌𛇕
寥廓江天万里霜,𛅾𛋸𛈌𛆤𛈄𛉄𛈊
天高云淡望断南飞雁,𛆤𛋂𛉍𛋠𛈈𛋇𛉺𛆌𛊂
不到长城非好汉,𛆳𛇼𛈽𛈒𛆌𛆚𛊧
屈指行程二万,𛆩𛆑𛊨𛈆𛅱𛈄
六盘山上高峰,𛆜𛋅𛇏𛆈𛋂𛆠
红旗漫卷西风,𛉢𛊻𛇓𛉉𛈨𛋆
今日长缨在手,𛆭𛇈𛈽𛊫𛇥𛆞
何时缚住苍龙,𛇮𛆸𛆖𛇭𛉱𛉴
赤橙黄绿青蓝紫,𛇎𛋳𛊨𛆽𛊭𛋂𛆑
谁持彩练当空舞,𛉅𛋣𛉝𛈏𛉰𛉲𛇯
雨后复斜阳关山阵阵苍,𛇯𛇌𛋷𛊝𛈿𛈘𛇏𛋮𛋮𛉱
当年鏖战急弹洞前村壁,𛉰𛆥𛇿𛊪𛊐𛉻𛆒𛋋𛊌𛉎
装点此关山今朝更好看,𛈉𛉸𛇠𛈘𛇏𛆭𛅾𛋫𛆚𛆣
风雨送春归飞雪迎春到,𛋆𛇯𛉡𛊌𛈘𛆌𛊗𛋍𛊌𛇼
已是悬崖百丈冰犹有花枝俏,𛆱𛆹𛈒𛊢𛇫𛊪𛋆𛊢𛈶𛈣𛈤𛆞
俏也不争春只把春来报,𛆞𛇁𛆳𛋩𛊌𛈤𛊷𛊌𛇤𛇣
待到山花烂漫时她在丛中笑,𛅻𛇼𛇏𛈣𛋈𛇓𛆸𛆒𛇥𛋳𛈌𛅿
大雨落幽燕白浪滔天,𛅻𛇯𛋝𛇁𛊂𛇪𛋈𛋃𛆤
秦皇岛外打鱼船,𛉒𛊨𛇼𛇒𛋆𛊢𛈒
一片汪洋都不见知向谁边,𛆼𛇙𛈈𛈿𛋗𛆳𛇝𛆍𛆈𛉅𛇙
往事越千年魏武挥鞭,𛋟𛅵𛋒𛆉𛆥𛆨𛇯𛆌𛇙
东临碣石有遗篇,𛊚𛇇𛋓𛊍𛈶𛆱𛈐
萧瑟秋风今又是换了人间,𛇮𛈯𛉩𛋆𛆭𛇁𛆹𛊧𛅹𛅳𛆃
东方欲晓莫道君行早,𛊚𛆠𛇁𛆿𛇀𛋛𛊵𛇐𛈖
踏遍青山人未老,𛋥𛇙𛊭𛇏𛅳𛆨𛇼
风景这边独好,𛆠𛇆𛋔𛇙𛋥𛆚
会昌城外高峰,𛋶𛈾𛈒𛇒𛋂𛆠
颠连直接东溟,𛋊𛉹𛋔𛋓𛊚𛇾
战士指看南粤,𛊪𛆹𛆑𛆣𛉺𛇩
更加郁郁葱葱,𛋫𛉊𛋍𛋍𛋴𛋴
子在川上曰逝者如斯夫,𛆑𛇥𛊯𛆈𛆴𛆓𛈖𛇄𛊸𛆔
一桥飞架南北天堑变通途,𛆼𛊻𛆌𛉌𛉺𛉜𛆤𛆉𛆦𛉭𛋥
更立西江石壁,𛋫𛇟𛈨𛈌𛊍𛉎
截断巫山云雨高峡出平湖,𛋓𛋇𛉍𛇏𛉍𛇯𛋂𛊗𛈚𛆦𛋘
神女应无恙当惊世界殊,𛋙𛆁𛊉𛇯𛈌𛉰𛋭𛆓𛆄𛋙
才饮长沙水又食武昌鱼,𛆏𛋡𛈽𛊾𛅸𛇁𛊼𛇯𛈾𛊢
万里长江横渡极目楚天舒,𛈄𛉄𛈽𛈌𛊄𛋥𛋔𛇀𛉤𛆤𛈬
不管风吹浪打胜似闲庭信步,𛆳𛊦𛋆𛆪𛋈𛋆𛋐𛊝𛇐𛊭𛉡𛉖
今日得宽馀,𛆭𛇈𛋀𛉲𛇄
壁上红旗飘落照西风漫卷孤城,𛉎𛆈𛉢𛊻𛅶𛋝𛉓𛈨𛋆𛇓𛉉𛋰𛈒
保安人物一时新,𛉎𛊃𛅳𛇵𛆼𛆸𛊛
洞中开宴会招待出牢人,𛆒𛈌𛇶𛊂𛋶𛋔𛅻𛈚𛈰𛅳
纤笔一枝谁与似,𛆉𛇞𛆼𛈤𛉅𛆱𛊝
三千毛瑟精兵,𛆊𛆉𛇷𛈯𛉽𛈐
阵图开向陇山东,𛋮𛋥𛇶𛆈𛉒𛇏𛊚
昨天文小姐今日武将军,𛈱𛆤𛆂𛅿𛈖𛆭𛇈𛇯𛈼𛊵
三上北高峰杭州一望空,𛆊𛆈𛉜𛋂𛆠𛊨𛆝𛆼𛈈𛉲
飞凤亭边树桃花岭上风,𛆌𛋹𛊭𛇙𛋙𛊤𛈣𛉼𛆈𛋆
热来寻扇子冷去对美人,𛈥𛇤𛋳𛋌𛆑𛉼𛇂𛆬𛋪𛅳
一片飘飘下欢迎有晚莺,𛆼𛇙𛅶𛅶𛅽𛊧𛋍𛈶𛆨𛆰
一下二三里青村四五家,𛅰𛅽𛅱𛆊𛉄𛊭𛊌𛈗𛈕𛉊
楼台六七座八九十枝花,𛈰𛅻𛆜𛅲𛈱𛅴𛆆𛆹𛈤𛈣
锄禾日当午汗滴禾下土,𛉗𛇯𛇈𛉰𛈕𛊧𛆒𛇯𛅽𛊔
安知盘中餐粒粒皆辛苦,𛊃𛇟𛋅𛈌𛉱𛆍𛆍𛇧𛇹𛇰
床前明月光门下白地霜,𛈉𛋋𛇾𛇃𛇕𛇷𛅽𛇪𛋇𛈊
夜起望明月低头思故乡,𛇩𛆻𛈈𛇾𛇃𛅾𛇊𛊸𛉘𛉶
人家杀猪羊曲预向天歌,𛅳𛉊𛇦𛆽𛈿𛆶𛇃𛆈𛆤𛋰
白毛浮绿水红掌青叶子,𛇪𛇷𛊘𛆽𛅸𛉢𛇗𛊭𛆱𛆑
一年之计在与春一日之计在于晨,𛆼𛆥𛈤𛉓𛇥𛆱𛊌𛆼𛇈𛈤𛉓𛇥𛆱𛋙
一家之计在与和一生之计在于勤,𛆼𛉊𛈤𛉓𛇥𛆱𛇮𛆼𛇏𛈤𛉓𛇥𛆱𛊝
责人之心责己恕己之心恕人,𛋓𛅳𛈤𛇹𛋓𛆺𛆴𛆺𛈤𛇹𛆴𛅳
守口如瓶防御如城,𛆞𛇉𛇄𛇛𛋅𛆱𛇄𛈒
宁可负我切莫负人,𛉼𛆄𛆖𛈻𛈦𛉟𛆖𛅳
再三须重视第一莫欺心,𛇥𛆊𛈬𛊻𛆹𛆒𛆼𛉟𛇂𛊛
虎生犹可近人熟不堪亲,𛇰𛇏𛊢𛆄𛊝𛅳𛉬𛆳𛉲𛋴
来说是非者便是是非人,𛇤𛋶𛆹𛆌𛆆𛇙𛆹𛅵𛆌𛅳
远水难救近火远亲不如近邻,𛋟𛅸𛈷𛆝𛊝𛆕𛋟𛋴𛆳𛇄𛊝𛇇
风流何用穿衣多,𛆠𛇋𛇮𛈍𛊯𛆱𛈁
光阴似箭日月如梭,𛇕𛆱𛊝𛋋𛇈𛇃𛇄𛇏
天时不如地利地利不如人和,𛆤𛆸𛆳𛇄𛊤𛇟𛊤𛆍𛆳𛇄𛅳𛇯
黄金不为贵安福值钱多,𛊨𛆭𛆳𛊄𛋫𛊃𛆖𛋔𛋋𛈁
世上万般皆下品思量惟有读书高,𛆓𛆈𛆨𛈺𛉌𛅽𛉞𛊸𛉴𛊄𛈶𛋥𛈬𛋂
世间好语书说尽天下名山僧占多,𛆓𛆃𛆚𛅺𛈬𛋶𛈯𛆤𛅽𛇾𛇏𛉓𛉿𛈁
为善最富作恶难逃,𛆨𛋌𛊶𛆖𛈱𛉦𛈷𛊤
羊有跪乳之恩,𛈿𛈶𛋫𛇄𛆷𛊸
有田不耕疏空归有书不读子孙愚疏,𛈶𛋊𛆳𛆃𛊾𛉲𛈘𛈶𛈬𛆳𛋥𛆑𛊍𛇄𛊾
同君一夜话胜读十年书,𛊤𛊵𛆼𛇩𛋶𛋐𛋥𛅵𛆥𛈬
人不通古今马牛如襟,𛅳𛆳𛆤𛇰𛆭𛇀𛊞𛇄𛆭
茫茫四海人无数哪个男儿是丈夫,𛇓𛇓𛈗𛉝𛅳𛇯𛉅𛈏𛆅𛉺𛇈𛆹𛊪𛆔
杯酒醉成起好客黄金散尽为收书,𛇲𛊟𛆍𛈒𛆻𛆚𛊙𛊨𛆭𛈗𛉑𛊄𛈀𛈬
救人一命胜造七级浮屠,𛆝𛅳𛆼𛈑𛋐𛊪𛅲𛊐𛊘𛋥
城门失火殃及池鱼,𛈒𛇷𛊼𛆕𛇔𛋔𛋣𛊢
庭前生瑞草好事不如无,𛊭𛋋𛇏𛈢𛉤𛆚𛅵𛆳𛇄𛇯
欲求生富贵须下死功夫,𛉚𛆝𛇏𛆖𛋫𛈬𛅽𛊅𛆃𛆔
百年成之不足一旦坏之有余,𛇫𛆥𛈒𛆷𛆳𛇭𛆼𛉄𛆌𛆷𛈶𛇄
七十古来稀,𛅲𛅵𛇰𛇤𛊼
养儿代老积谷防饥,𛈍𛇈𛅻𛇼𛊈𛋸𛋅𛋔
数口之家可以无饥样,𛉅𛆚𛈤𛉊𛆄𛆱𛇯𛋔𛈍
常将有时思无日,𛈾𛈼𛈶𛆸𛊸𛇯𛇈
一岁女手上珠二岁女裙脚婴,𛆼𛊮𛆁𛆞𛆈𛉙𛅱𛊮𛆁𛊶𛊐𛊫
三岁学行亦学走四岁提篮入菜园,𛆊𛊮𛉬𛇐𛇁𛉬𛈖𛈗𛊮𛊹𛋂𛅱𛈠𛆧
五岁搭婆炒茶叶六岁搭母养蚕婴,𛈕𛊮𛆇𛉖𛉤𛉗𛆱𛆜𛊮𛆇𛇀𛈍𛋳𛊫
七岁篱上织细综八岁上车捡细纱,𛅲𛊮𛊎𛆈𛊐𛅿𛇎𛅴𛊮𛆈𛊌𛊀𛅿𛊾
一打戒指对牡丹二打金鸟对风凰,𛅰𛆇𛆄𛆑𛆬𛇀𛈁𛅱𛆇𛆭𛋒𛆬𛋆𛊨
三打天上娥眉月四打童子拜观音,𛆊𛆇𛆤𛆈𛊢𛇓𛇃𛈗𛆇𛊤𛆑𛇣𛇕𛆱
五打五子来行孝六打神仙吕洞宾,𛈕𛆇𛈕𛆑𛇤𛇐𛉬𛆜𛆇𛋙𛇚𛆽𛆒𛋆
七打上天七姐妹八打狮子滚绣球,𛅲𛆇𛆈𛆤𛅲𛈖𛋉𛅴𛆇𛊸𛆑𛈅𛋜𛆝
九打黄龙来戏水十打鲤鱼跳龙门,𛆆𛆇𛊨𛉴𛇤𛆓𛅸𛅵𛆇𛉄𛊢𛉕𛉴𛇷
一取天上娥眉月二取狮子抢绣球,𛆼𛇂𛆤𛆈𛊢𛇓𛇃𛅱𛇂𛊸𛆑𛊩𛋜𛆝
三取三星三结仪四取童子拜观音,𛆊𛇂𛆊𛉾𛆊𛊐𛅺𛈗𛇂𛊤𛆑𛇣𛇕𛆱
五取五娘落文镜六取金鸟对风凰,𛈕𛇂𛈕𛇘𛋝𛆂𛇆𛆜𛇂𛆭𛋒𛆬𛋆𛊨
七取天上七姐妹八取神仙吕洞宾,𛅲𛇂𛆤𛆈𛅲𛈖𛋉𛅴𛇂𛋙𛇚𛆽𛆒𛋆
九取黄龙来优水十取鲤鱼跳龙门,𛆆𛇂𛊨𛉴𛇤𛊗𛅸𛅵𛇂𛉄𛊢𛉕𛉴𛇷
初步出山幼阳鸟不会拍翅开嘴啼,𛊾𛉖𛈚𛇏𛆱𛈿𛋒𛆳𛆴𛇫𛆑𛇶𛆘𛊹
啼得高声人取笑啼得低声人不闻,𛊹𛋀𛋂𛉂𛅳𛉛𛅿𛊹𛋀𛅾𛉂𛅳𛆳𛇷
先开金玉花后结弯嘴桃,𛇚𛇶𛆭𛉚𛈣𛇌𛊐𛆨𛆘𛊤
打开全天下遮在世间人,𛋆𛇶𛈆𛆤𛅽𛊵𛇥𛆓𛆃𛅳
有女不会嫁嫁入乔底下,𛈶𛆁𛆳𛋶𛉌𛉌𛅱𛊻𛋒𛅽
夜里同鬼睡问你怕不怕,𛇩𛉄𛊤𛈙𛆙𛉟𛈪𛇲𛆳𛇲
身坐凉床吹玉笛手拿文笔点珍珠,𛈛𛇎𛉴𛈉𛆪𛉚𛋮𛆞𛇁𛆂𛇞𛉸𛆭𛉙
口吹清烟自来味红灯照亮几时收,𛆚𛆪𛊭𛊫𛈤𛇤𛆨𛉢𛊚𛉓𛇖𛆺𛆸𛈀
春天不下种四季不开花,𛊌𛆤𛆳𛅽𛆻𛈗𛉓𛆳𛇶𛈣
一时结扁豆一时结西瓜,𛆼𛆸𛊐𛆦𛋛𛆼𛆸𛊐𛈨𛉊
上街又有猪羊肉下街花酒满城香,𛆈𛇧𛇁𛈶𛆽𛈿𛈵𛅽𛇧𛈣𛊟𛋪𛈒𛉶
街头买张青绵纸修书拜见孔子堂,𛇧𛇊𛊊𛈌𛊭𛊬𛆑𛉪𛈬𛇣𛇝𛆣𛆑𛊤
一拜先生为父母二拜先生为爷娘,𛅰𛇣𛇚𛇏𛊄𛆖𛇀𛅱𛇣𛇚𛇏𛊄𛉍𛇘
三拜三千徒弟子深深礼拜入师堂,𛆊𛇣𛆊𛆉𛆒𛅹𛆑𛈛𛈛𛅹𛇣𛇈𛊸𛊤
四拜圣人将完了笔共研石书共箱,𛈗𛇣𛈓𛅳𛈼𛆧𛅹𛇞𛉋𛈏𛊍𛈬𛉋𛉵
白浪同行同凳坐夜间同被又同床,𛇪𛋈𛊤𛇐𛊤𛇽𛇎𛇩𛆃𛊤𛇣𛇁𛊤𛈉
英台夜间连衣睡,𛊣𛅻𛇩𛈸𛉹𛈡𛉅
连衣不脱先上床,𛉹𛈡𛆳𛊱𛇚𛆈𛈉
怀孕期为至日,𛈝𛇰𛉏𛈤𛇈𛆈
其中南门高米宽米,𛈌𛆷𛉄𛇎𛉤𛇰𛉄𛉤
织布工业引进于年,𛊐𛆾𛆃𛈢𛉉𛇁𛆱𛆥
他于年开始出任官职,𛆶𛈈𛆥𛊤𛇼𛈚𛈲𛇴𛉞
年广州市实行市长制,𛆥𛊦𛆹𛆹𛅵𛇐𛆹𛇎𛆺
他于年进行了首次个展,𛆶𛈄𛆥𛇐𛈒𛇼𛆞𛆏𛆢𛇌
年月小孩出生为双胞胎,𛆥𛇃𛅿𛇷𛈚𛇏𛈈𛈆𛋸𛋸
包含个月的年份为闰年,𛈲𛇃𛆅𛇃𛈄𛈅𛇥𛇳𛇯𛈿
其生存的海拔上限为米,𛈤𛇤𛇭𛋅𛋸𛆈𛆄𛇥𛈿𛇀
年时有人口万千人左右,𛆥𛆸𛈶𛅳𛆚𛊨𛉄𛅳𛇍𛇁
该小行星于年月日发现,𛇧𛅿𛇐𛆢𛇃𛆱𛆬𛇃𛆱𛇤
面积平方公里年人口人,𛉉𛉅𛇛𛆃𛆀𛇃𛆥𛅳𛆚𛅳
中国有些牙签是用竹子作的,𛈌𛈅𛇩𛇣𛇪𛆢𛆸𛆹𛈤𛇄𛊸𛈤
他就在这里一直待到他过世,𛆶𛇍𛇥𛈤𛆺𛆼𛆄𛋳𛇼𛆶𛈶𛆓
成年公海豹平均长米重公斤,𛈒𛆥𛈾𛉨𛋹𛉛𛇗𛇄𛉾𛋳𛈾𛋻
本区自年以来一直支持工党,𛇅𛇂𛈤𛆥𛆱𛇤𛆼𛈤𛆺𛅳𛆃𛉎
在他出生之前父亲就已去世,𛇥𛆶𛈚𛇏𛆷𛋆𛅳𛇖𛈤𛇼𛆉𛇏
听众的人数是比想像中多的,𛇜𛈍𛆽𛅳𛆝𛆹𛇿𛉎𛉪𛈌𛋳𛆽
学校以明朝大儒王阳明命名,𛉬𛉌𛈤𛇾𛈿𛅻𛇷𛈿𛆟𛈿𛋑𛆲
宿舍是由寺院改建而成楼高层,𛅿𛆹𛇈𛈤𛈤𛇭𛇩𛈷𛇴𛉽𛇰𛊃𛋳
塞马湖与拉多加湖的落差为米,𛇭𛇀𛅸𛇄𛊤𛇭𛋡𛅸𛇤𛈭𛇴𛈷𛆀
他在年月为法国赢得联合会杯,𛆶𛇥𛆥𛆉𛆨𛊄𛇯𛇩𛇞𛋥𛇝𛈑𛉹
年度的日平均上下车人次为人,𛆥𛆄𛇈𛆸𛆈𛆃𛅽𛅽𛅳𛆉𛆱𛇄𛅳
然而也有评论者对此不以为然,𛆥𛈁𛇁𛈶𛇯𛉓𛆖𛈬𛇠𛆳𛈤𛆱𛆥
小数点在数学里是一种基数点,𛅿𛆰𛆈𛇥𛆂𛉄𛉄𛆸𛆼𛆄𛈤𛇵𛈤
由此每一年周期的闰年年第如下,𛊢𛇠𛉟𛆼𛆊𛆎𛇐𛈃𛆥𛆧𛆥𛆍𛇄𛆸
这是年节行动中唯一成功的行动,𛋔𛆹𛆥𛇐𛆃𛆒𛈌𛈤𛆼𛉍𛋤𛈤𛆃𛆒
其面积大约为平方英里平方公里,𛊻𛆹𛆀𛅻𛇁𛇷𛆅𛉰𛆎𛉄𛇜𛉰𛆃𛇐
面积约为平方公里约合平方英里,𛋉𛆀𛇄𛈳𛆃𛆠𛆀𛆳𛇄𛈳𛆃𛆠𛈤𛆎
正因为如此两者才可以互相变换,𛇆𛇉𛇴𛇈𛆇𛆖𛆏𛇤𛇯𛈶𛆆𛈼𛇪𛇰
年降水量为毫米每年月至月为雨季,𛆥𛈌𛅸𛇰𛇄𛈮𛆰𛇁𛆥𛇃𛇈𛇃𛇄𛇯𛇏
爪部通常是从上左右方均可为部字,𛆺𛆖𛈤𛇱𛆼𛋳𛆈𛉄𛆚𛉄𛆀𛇴𛈷𛋳𛆱
新安东金氏是新罗王朝的直系后人,𛉺𛊃𛉈𛆭𛆹𛇈𛉺𛊼𛊻𛇏𛈤𛈤𛆄𛇌𛇷
另外水塔还分成一般水塔跟冷却水塔,𛉼𛇄𛅸𛆀𛇘𛇼𛆆𛈺𛆀𛇼𛅸𛆀𛉽𛉼𛅸𛆀
大多数法案会送入国会两院其中之一,𛅻𛆶𛆞𛇣𛈀𛇅𛇼𛆴𛈅𛇅𛆇𛇁𛈌𛆷𛈤𛆷
该组织由一年一度的理事会大会管理,𛇧𛆺𛇷𛇁𛆼𛆊𛆥𛆼𛉄𛉄𛉅𛉄𛉾𛅻𛋆𛆭
他从政界一度引退后加入中国青年党,𛆶𛇭𛇆𛆅𛆼𛇇𛇹𛈀𛇌𛇥𛈌𛉄𛉄𛆃𛇏𛊦
平均每户有人而平均每个家庭则有人,𛇛𛆀𛇁𛇱𛈶𛅳𛇈𛇛𛆀𛇁𛆅𛉊𛇴𛇈𛈶𛅳
其他部位如耳骨耳门则比较容易发炎,𛈬𛇜𛆚𛆨𛈈𛆞𛆜𛆞𛇷𛇈𛊞𛉎𛉽𛆚𛇾𛆐
交通工程是运输工程学中的一个分支,𛆝𛆃𛆃𛆹𛆹𛇩𛆃𛆃𛆂𛈌𛇩𛆹𛆼𛆱𛆅𛆷
在网路上学生也可以使用数位图书馆,𛇥𛈪𛇈𛆈𛇤𛆓𛇁𛈶𛇁𛈤𛇅𛈤𛇬𛆑𛈄𛇶
春日井市是名古屋市以北的一个城市,𛊌𛇐𛈌𛆹𛆹𛈰𛈴𛆹𛈤𛈗𛈤𛇜𛈤𛆳𛆓𛆹
此后全家老少同饮团圆酒共吃辞岁饭,𛆑𛇌𛈆𛇷𛇽𛆿𛊤𛋡𛊥𛇧𛊟𛋬𛇲𛉑𛇏𛋡
城池分为南北两城北为皇城南为汉城,𛈒𛅸𛉺𛇁𛉺𛉺𛆇𛉺𛉺𛇁𛊨𛉺𛉺𛇁𛇯𛉺
带着任何的心情只要有爱都是你的家,𛆙𛆲𛆝𛇩𛇹𛇹𛇩𛆱𛇼𛋨𛋷𛆳𛆹𛅳𛇹𛇍
在破产重整期间公司将维持正常运作,𛇥𛈳𛇱𛉯𛉾𛇃𛇭𛆃𛇭𛊸𛇌𛈤𛉽𛇩𛇆𛉽
其中北京时间每天和为主要新闻时段,𛈌𛇌𛆾𛉄𛆸𛇏𛆱𛉄𛇯𛈤𛆖𛈖𛊛𛆂𛆸𛇐
城门内为解放路城门外为火车站广场,𛈒𛆚𛆺𛈤𛈔𛈰𛇐𛈒𛆚𛇀𛈤𛆔𛆚𛇖𛇆𛈄
该市镇总面积平方公里年时的人口为人,𛇧𛆹𛇝𛊪𛇐𛉄𛆀𛉆𛆃𛉄𛆀𛆥𛆃𛅳𛆑𛇄𛅳
曹春耕中华人民共和国政治人物外交官,𛋳𛊭𛆃𛈄𛈌𛅳𛆓𛈶𛈈𛅳𛇵𛋳𛆃𛅳𛇵𛇄𛇃
梁鸿华小时已是童星担任儿童节目主持,𛉴𛈚𛈰𛅿𛆸𛇼𛆱𛆹𛊤𛇏𛇷𛇏𛇏𛆹𛆺𛆗𛆹
北美首映日期年月日台湾于年月日上映,𛉜𛈤𛆞𛈫𛇃𛆱𛆥𛆀𛆸𛆱𛉄𛇁𛆸𛆱𛆱𛆈𛆸
有些种的花是两性同花的有些是单性的,𛈶𛆩𛆻𛈣𛆹𛅵𛆇𛆖𛊤𛈣𛈤𛈶𛆩𛅵𛆍𛆖𛈤
但这就是我当时最真实的感觉我不能逃避,𛉻𛊼𛇍𛆹𛇤𛉚𛆸𛇾𛆹𛇹𛆬𛇩𛆹𛇤𛆳𛆷𛇃𛇲
本社区共有户总人口人划分为个居民小组,𛇅𛆹𛈌𛋬𛈾𛇖𛆖𛋻𛅳𛉘𛅳𛆵𛆖𛈤𛆅𛇵𛅿𛅵
他的名字源于父亲对足球明星济科的喜爱,𛆶𛆽𛇾𛆑𛆧𛇰𛇯𛆽𛈴𛈸𛇰𛆰𛉚𛈯𛉓𛆽𛇩𛋨
原因是华盛顿发表的命令在这一点上不明确,𛆧𛆱𛆹𛇽𛇭𛇏𛈑𛆑𛈒𛇠𛉄𛇤𛆼𛆸𛈌𛆳𛇼𛇾𛆨
英国皇家徽章是英王徽因此也成为英国国徽,𛊣𛈅𛈾𛇭𛈭𛆹𛊣𛉘𛈭𛆱𛇠𛇁𛇩𛆒𛇺𛊣𛈅𛈅𛈭
民国年年西安改名西京被定为中华民国陪都,𛇷𛆥𛆥𛈨𛊃𛇍𛇤𛈨𛊤𛇎𛇲𛇯𛇽𛈤𛈌𛇷𛆥𛇷𛇗
于是文帝派使者去调查结果连坐者达百余人,𛆱𛆂𛆎𛆗𛇢𛅳𛆆𛈂𛆑𛅹𛉑𛇬𛉹𛈗𛆆𛊁𛇫𛇁𛅳
赵于敏山西长治县人明朝政治人物进士出身,𛉔𛇄𛇟𛇏𛉄𛋯𛉽𛈳𛆷𛅳𛇾𛈄𛉘𛉽𛅳𛇵𛉒𛈤𛆒
正值英年的秀康在越前逝世享年才三十四岁,𛇆𛆜𛊣𛇏𛋜𛊕𛇥𛈤𛉈𛇋𛆓𛇩𛆙𛋣𛆎𛆊𛅵𛅿𛅿
这一时期国家的最高君主成为王又称天子天王,𛋔𛆼𛆸𛇐𛉘𛇷𛇭𛇻𛈤𛉘𛆺𛈖𛈒𛈶𛇤𛉘𛆎𛆤𛆎𛉘
游戏开始时玩家将从帝王开始依次顺时针行动,𛊢𛆓𛇐𛇤𛆸𛇪𛆰𛇄𛅽𛅿𛇏𛇤𛆈𛋀𛆸𛈤𛆑𛉅𛉄𛈽
同时他也有兼修柔道并且在岁时拿到黑带一段,𛊤𛉄𛆶𛇁𛈶𛊢𛋥𛆱𛊦𛆃𛇦𛇁𛇥𛆥𛇁𛋁𛋀𛊚𛅰𛇐
在事务所工作的第一年里他与同事有许多争吵,𛇥𛆹𛈬𛉄𛆃𛆡𛇈𛋟𛆊𛆼𛇄𛈶𛇄𛊤𛅳𛈶𛇁𛈁𛉬𛉥
交配的时份会受地区所影响但大都是在月发生,𛆝𛇣𛆼𛆸𛆛𛇶𛆴𛅺𛆀𛆌𛈂𛇈𛉽𛆳𛅻𛆛𛆹𛇃𛆐𛈛
三聚体又称三体是三个相同分子化合生成的产物,𛆊𛉝𛋳𛇁𛉎𛉝𛋳𛇥𛆹𛆊𛆅𛇀𛇬𛋆𛈤𛆰𛈬𛆬𛇭𛆰𛉘
连环画又称连环图画连环图小人书小书公仔书等,𛉹𛆓𛆹𛇁𛆝𛉹𛆓𛆹𛆹𛉹𛆓𛆼𛅿𛅳𛆹𛅿𛆹𛆓𛆁𛆹𛋳
他一反其道认为当时正是汉学带领日本走向维新,𛆶𛆼𛇑𛆷𛈤𛋛𛅺𛇬𛇼𛆸𛋛𛆻𛆀𛉘𛇫𛆈𛉚𛇶𛈄𛅿𛊛
甲板长米宽米高米总载重万顿满载总排水量万顿,𛈅𛇌𛇗𛇰𛇴𛇰𛇗𛇰𛇴𛇰𛋫𛉖𛈾𛇴𛇙𛉖𛋫𛉲𛈳𛇴𛇙
年在区建立了一清真寺世纪前多数清真寺是木屋,𛆥𛇈𛇂𛆍𛇴𛇼𛆼𛆃𛆩𛆺𛇤𛆨𛆍𛇰𛈁𛆃𛆩𛆺𛇼𛅴𛇷
该地区英语的口音有别于美国南部和东北部城市,𛇧𛇃𛈌𛇥𛉄𛇹𛆚𛅸𛆚𛆱𛇲𛇱𛇩𛊤𛉺𛈅𛇈𛊚𛈅𛇌𛈅
三楼和四楼分别为男女生宿舍五楼为教职员宿舍,𛆊𛈰𛇯𛈗𛈰𛉘𛋬𛇁𛆁𛅳𛇏𛈿𛆅𛆦𛈰𛇁𛉍𛆍𛆁𛇏𛈿
应当注意的是这种区分在西方语言中是不存在的,𛆱𛉜𛆍𛆯𛆷𛇈𛈤𛆷𛈊𛈂𛆷𛇃𛈨𛆷𛆺𛇃𛇈𛇈𛆳𛈷𛆷
车站为地下两层地下一层为站厅层地下二层为站台层,𛇌𛆚𛈄𛅸𛆇𛋳𛅸𛆇𛆼𛋳𛈄𛆚𛆌𛋳𛅸𛆇𛆱𛋳𛈄𛆚𛆌𛆠𛋳
但由于美国士兵被杀因此这些反对没有受到多少注意,𛉻𛇄𛆱𛇯𛋮𛆁𛆚𛇲𛆰𛇭𛈤𛆺𛈤𛆌𛆳𛋆𛆻𛆳𛅺𛆱𛉄𛆿𛆍
每位新生入学时均会被随机分配至以上四社其中一社,𛉟𛆨𛊛𛇏𛅽𛇃𛆸𛋳𛆴𛇲𛇫𛉅𛈎𛆠𛋌𛇄𛆼𛆈𛈗𛆅𛈤𛆼𛈗
以下为一些曾射入漂亮倒挂球或经常以倒挂进球的球员,𛆈𛇃𛇁𛆼𛇺𛉍𛇼𛆶𛅶𛇲𛇼𛈙𛆚𛇈𛈍𛇙𛉘𛇈𛈍𛇼𛆚𛇾𛇻𛇚
二人住在小石山的一个破旧的窑洞内孩子便出生在这里,𛆇𛅳𛇭𛇥𛅿𛆍𛇏𛈤𛆇𛆠𛆐𛋳𛈤𛇏𛇃𛆑𛆫𛅳𛆚𛆳𛆸𛇤𛈤𛊼
猫通常要到第三周走路才会稳在这之前只靠母猫的搬动,𛋓𛈕𛈾𛇮𛆱𛇼𛆊𛈗𛉊𛅽𛆏𛇀𛈿𛇄𛈤𛆷𛆱𛉼𛆄𛇰𛋓𛇄𛆖𛇺
和树的妹妹一个令斗贵子烦恼的少女就读同校高中一年级,𛇮𛈬𛇽𛇫𛇘𛇘𛆼𛆅𛇽𛉽𛋛𛈗𛆑𛇰𛉼𛇩𛅳𛋥𛊤𛈬𛊃𛈅𛆼𛆥𛆎
该神奇宝贝最早于年月日日本神奇宝贝星期天节目中公布,𛇧𛉽𛊤𛋺𛊰𛊞𛈈𛇥𛆃𛇃𛆈𛇃𛆅𛉽𛊤𛊤𛋺𛊰𛆎𛆃𛇏𛋯𛈌𛆓𛆸
如今当地已经将白公山铁管当作推动地方旅游的一个景点,𛇄𛇥𛇼𛇳𛇿𛈤𛉠𛉎𛊜𛉙𛉚𛇼𛊤𛈴𛇭𛇳𛈅𛇄𛈅𛋬𛇳𛇥𛈁𛇄𛋺
右脚掌第三脚趾的第三趾骨变形其趾爪相当小形状不规则,𛇁𛇕𛇗𛆍𛆊𛇕𛆸𛆑𛇴𛆍𛆊𛆑𛆐𛆖𛇼𛆑𛆺𛇄𛆑𛅿𛇴𛈉𛆳𛈃𛇴
时分幸存的日本飞机离开留下停在海面及燃烧中的大黄蜂号,𛆸𛆜𛇤𛈻𛇈𛅸𛆈𛉚𛆔𛅽𛇋𛈤𛇻𛆙𛇐𛇄𛆨𛅸𛈓𛇃𛇈𛇈𛆻𛆖𛅶𛆏
当他走路的时候总是将身体略为前倾并且将双手放在裤袋里,𛉰𛆶𛇉𛇶𛆽𛇴𛆸𛇄𛋫𛆹𛇄𛈊𛆞𛇰𛆷𛋳𛇄𛈊𛆚𛆞𛉲𛆚𛇼𛈺𛇴𛇎
年西本愿寺继东本愿寺之后也在上海设立别院向中国人传教,𛆥𛈨𛇅𛇿𛉽𛆝𛇥𛆈𛇅𛇿𛉽𛆷𛇌𛇁𛇥𛆈𛆨𛆱𛈄𛋯𛇇𛆈𛇄𛅳𛆝𛉗
青森市中央市民中心前有一块刻有本作一节的文学碑友情之碑,𛊮𛇏𛈌𛆸𛈌𛅳𛈌𛆸𛇹𛇇𛈶𛆊𛆄𛋥𛆐𛈶𛇠𛇐𛆊𛆂𛈤𛊝𛆊𛆂𛈤𛉭𛇁
礼拜朝向专用指南针不一定是一个独立的指南针也有镶在手表上的,𛅹𛆚𛅾𛆈𛈌𛆑𛆱𛆭𛆳𛆑𛆳𛆳𛆳𛅰𛆞𛅸𛅳𛆝𛆑𛆱𛆭𛆳𛇁𛈶𛉵𛆞𛆚𛆈𛆤
另外通州街以西一段则命名为东京街西以表示该段道路为填海而成,𛉼𛇄𛉾𛇝𛆹𛈤𛆨𛆼𛆰𛋳𛉘𛇳𛇀𛆈𛆹𛈤𛇽𛉘𛈤𛆹𛇮𛈤𛆰𛉘𛉘𛇭𛇀𛈤𛋙
人是无法随时地让自己体验各种情感并让自己的外在形体表现出来,𛅳𛆹𛇯𛆄𛇅𛆸𛇄𛊀𛉘𛈤𛇀𛆱𛉾𛆅𛆲𛉂𛇃𛇰𛆴𛉘𛈤𛇀𛆱𛆷𛇒𛇾𛉾𛆱𛉤
科学家于年到年间在马达加斯加北部发现迷你变色龙和另外三个物种,𛋰𛆂𛅳𛇄𛆱𛆊𛇼𛆱𛆃𛇤𛇥𛇶𛇀𛇌𛇎𛇬𛇔𛇴𛆐𛇪𛉽𛇹𛇹𛆄𛉖𛇵𛇻𛆷𛅵𛇵
在广州任职期间童杭时常来往于北京上海广州并曾一度担任大理院庭长,𛇥𛊦𛇲𛇟𛆏𛆃𛊤𛉄𛆸𛇈𛇤𛇶𛊨𛆸𛈾𛇤𛉚𛇄𛊀𛉄𛈹𛆈𛆠𛊦𛆸𛆦𛆺𛆳𛅻𛆃𛊗
三角学是数学的一个分支主要研究三角形以及三角形中边与角之间的关系,𛆊𛆛𛉓𛆹𛉂𛉠𛇏𛆻𛇀𛆠𛉼𛆺𛆅𛋳𛆧𛆱𛆊𛆛𛇏𛈤𛆷𛆊𛆛𛇏𛈌𛆶𛇁𛆷𛇄𛆻𛆱𛉅
湖北武汉中山公园位于武汉市汉口解放大道号占地万平方米其中水上面积万平方米,𛋘𛇯𛉘𛇃𛈌𛉄𛆨𛇏𛋂𛇷𛉘𛇃𛇏𛆠𛇃𛉘𛆠𛈳𛋯𛅻𛆃𛆈𛆞𛇭𛈄𛆀𛉅𛇰𛈌𛇸𛆨𛇃𛇸𛈄𛆀𛉅
玉带镇曾是中国江苏省南京市六合区下属的一个镇年月玉带镇与长芦街道合并为新的长芦街道,𛉚𛇗𛈝𛇝𛇈𛈅𛆃𛈅𛉄𛉊𛇃𛇷𛇏𛉄𛆦𛇄𛇉𛆚𛆳𛅽𛇴𛇃𛆱𛇈𛆞𛇐𛉚𛇗𛈝𛇄𛇗𛈤𛇅𛈣𛇅𛈃𛈩𛇈𛇅𛈣𛇅
他至少修建了三座著名的金字塔这三座金字塔都留存至今并在金字塔的设计和施工上进行了重大的改进,𛆶𛈈𛆜𛈄𛇤𛇌𛇼𛆊𛇆𛈽𛇮𛆭𛆀𛇐𛈤𛆊𛇆𛆭𛆀𛇐𛈖𛇉𛇀𛈈𛇰𛇦𛇤𛆭𛆀𛇐𛇮𛇤𛇭𛆭𛆀𛇐𛇮𛆱𛇤𛈰𛆮𛇮𛇩𛆨𛆼